{"stats":{"minecraft:crafted":{"minecraft:oak_planks":16,"minecraft:crafting_table":1,"minecraft:stick":4,"minecraft:wooden_pickaxe":1,"minecraft:wooden_axe":1},"minecraft:killed_by":{"antlers:wendigo":4},"minecraft:mined":{"minecraft:grass":31,"minecraft:oak_log":4,"minecraft:crafting_table":1},"minecraft:used":{"minecraft:wooden_axe":1,"minecraft:crafting_table":1},"minecraft:picked_up":{"minecraft:crafting_table":1,"minecraft:wheat_seeds":7,"minecraft:oak_log":5},"minecraft:custom":{"minecraft:time_since_rest":6,"minecraft:deaths":4,"minecraft:crouch_one_cm":1373,"minecraft:play_time":6824,"minecraft:sprint_one_cm":13048,"minecraft:damage_taken":960,"minecraft:walk_one_cm":7817,"minecraft:sneak_time":305,"minecraft:walk_under_water_one_cm":423,"minecraft:drop":8,"minecraft:jump":91,"minecraft:walk_on_water_one_cm":819,"minecraft:time_since_death":0,"minecraft:total_world_time":6824,"minecraft:interact_with_crafting_table":2,"minecraft:fall_one_cm":3576,"minecraft:fly_one_cm":13581},"minecraft:dropped":{"minecraft:wheat_seeds":7,"minecraft:oak_log":1}},"DataVersion":3465}