{"stats":{"minecraft:killed_by":{"minecraft:zombie":1},"minecraft:picked_up":{"minecraft:wooden_axe":1,"minecraft:crafting_table":1,"minecraft:wooden_pickaxe":1,"minecraft:oak_log":5,"minecraft:dirt":6,"minecraft:wheat_seeds":8,"minecraft:cobblestone":11},"minecraft:used":{"minecraft:wooden_axe":5,"minecraft:wooden_pickaxe":11,"minecraft:dirt":4,"minecraft:crafting_table":1},"minecraft:mined":{"minecraft:crafting_table":1,"minecraft:grass":34,"minecraft:grass_block":1,"minecraft:oak_log":4,"minecraft:dirt":2,"minecraft:stone":11},"minecraft:custom":{"minecraft:time_since_rest":424,"minecraft:sprint_one_cm":19769,"minecraft:damage_taken":1440,"minecraft:walk_one_cm":12865,"minecraft:mob_kills":1,"minecraft:drop":14,"minecraft:damage_dealt":65,"minecraft:swim_one_cm":2842,"minecraft:interact_with_crafting_table":2,"minecraft:fly_one_cm":24368,"minecraft:crouch_one_cm":3361,"minecraft:play_time":11953,"minecraft:deaths":6,"minecraft:sneak_time":880,"minecraft:walk_under_water_one_cm":4333,"minecraft:jump":148,"minecraft:leave_game":5,"minecraft:walk_on_water_one_cm":4018,"minecraft:time_since_death":398,"minecraft:total_world_time":11953,"minecraft:fall_one_cm":5006},"minecraft:crafted":{"minecraft:oak_planks":16,"minecraft:crafting_table":1,"minecraft:stick":4,"minecraft:wooden_pickaxe":1,"minecraft:wooden_axe":1},"minecraft:killed":{"minecraft:zombie":1},"minecraft:dropped":{"minecraft:dirt":3,"minecraft:wheat_seeds":8,"minecraft:oak_log":1,"minecraft:wooden_axe":1,"minecraft:wooden_pickaxe":1}},"DataVersion":3465}