{"stats":{"minecraft:picked_up":{"minecraft:wooden_axe":1,"minecraft:crafting_table":1,"minecraft:raw_iron":2,"minecraft:wooden_pickaxe":1,"minecraft:oak_log":5,"minecraft:dirt":6,"minecraft:wheat_seeds":8,"minecraft:sugar_cane":3,"minecraft:cobblestone":17},"minecraft:used":{"minecraft:wooden_axe":7,"minecraft:stone_pickaxe":4,"minecraft:wooden_pickaxe":17,"minecraft:dirt":4,"minecraft:crafting_table":2},"minecraft:custom":{"minecraft:time_since_rest":477,"minecraft:sprint_one_cm":24206,"minecraft:damage_taken":1830,"minecraft:walk_one_cm":16748,"minecraft:mob_kills":1,"minecraft:drop":14,"minecraft:damage_dealt":158,"minecraft:swim_one_cm":2842,"minecraft:interact_with_crafting_table":3,"minecraft:fly_one_cm":27505,"minecraft:crouch_one_cm":4831,"minecraft:play_time":13860,"minecraft:deaths":7,"minecraft:sneak_time":1191,"minecraft:walk_under_water_one_cm":4333,"minecraft:jump":181,"minecraft:leave_game":7,"minecraft:walk_on_water_one_cm":4322,"minecraft:time_since_death":288,"minecraft:total_world_time":13860,"minecraft:fall_one_cm":5273},"minecraft:killed":{"minecraft:zombie":1},"minecraft:mined":{"minecraft:iron_ore":2,"minecraft:crafting_table":1,"minecraft:grass":34,"minecraft:grass_block":1,"minecraft:oak_log":4,"minecraft:dirt":2,"minecraft:tall_grass":2,"minecraft:stone":17,"minecraft:sugar_cane":1},"minecraft:dropped":{"minecraft:dirt":3,"minecraft:wheat_seeds":8,"minecraft:oak_log":1,"minecraft:wooden_axe":1,"minecraft:wooden_pickaxe":1},"minecraft:crafted":{"minecraft:oak_planks":16,"minecraft:crafting_table":1,"minecraft:stick":8,"minecraft:wooden_pickaxe":1,"minecraft:stone_pickaxe":1,"minecraft:wooden_axe":1},"minecraft:killed_by":{"minecraft:creeper":1,"minecraft:zombie":1}},"DataVersion":3465}